{
	"name": "PL_exract_drivers",
	"properties": {
		"activities": [
			{
				"name": "Copy data1",
				"type": "Copy",
				"dependsOn": [],
				"policy": {
					"timeout": "0.12:00:00",
					"retry": 0,
					"retryIntervalInSeconds": 30,
					"secureOutput": false,
					"secureInput": false
				},
				"userProperties": [],
				"typeProperties": {
					"source": {
						"type": "JsonSource",
						"storeSettings": {
							"type": "HttpReadSettings",
							"requestMethod": "GET"
						},
						"formatSettings": {
							"type": "JsonReadSettings"
						}
					},
					"sink": {
						"type": "JsonSink",
						"storeSettings": {
							"type": "AzureBlobFSWriteSettings",
							"copyBehavior": "MergeFiles"
						},
						"formatSettings": {
							"type": "JsonWriteSettings"
						}
					},
					"enableStaging": false
				},
				"inputs": [
					{
						"referenceName": "DS_api_race",
						"type": "DatasetReference",
						"parameters": {
							"file_name": {
								"value": "@concat(pipeline().parameters.ds_api_dataset,'.json')",
								"type": "Expression"
							},
							"limit": {
								"value": "@concat('?limit=',pipeline().parameters.limit)",
								"type": "Expression"
							}
						}
					}
				],
				"outputs": [
					{
						"referenceName": "DS_sink",
						"type": "DatasetReference",
						"parameters": {
							"dataset_sink_nmae": {
								"value": "@pipeline().parameters.ds_api_dataset",
								"type": "Expression"
							}
						}
					}
				]
			}
		],
		"parameters": {
			"ds_api_dataset": {
				"type": "string"
			},
			"limit": {
				"type": "string"
			}
		},
		"variables": {
			"check": {
				"type": "Array"
			}
		},
		"annotations": []
	}
}